cluster,38
lv,1.0
opt,PAC_2050
zero_hours,0.06943042537851478
mean,70.9422614123526
standard_deviation,85.26620829532072
